ClinicID,ClinicName,WeekStart,TotalScheduled,Year,Month,lag_1w,lag_2w,lag_4w,rolling_mean_4w,Month_Sin,Month_Cos,Is_Flu_Season,Is_Holiday_Week
1,Nexora Care - Riverside,2024-01-29,283,2024,1,284.0,261.0,269.0,282.5,0.49999999999999994,0.8660254037844387,1,0
1,Nexora Care - Riverside,2024-02-05,321,2024,2,283.0,284.0,316.0,286.0,0.8660254037844386,0.5000000000000001,1,0
1,Nexora Care - Riverside,2024-02-12,322,2024,2,321.0,283.0,261.0,287.25,0.8660254037844386,0.5000000000000001,1,0
1,Nexora Care - Riverside,2024-02-19,334,2024,2,322.0,321.0,284.0,302.5,0.8660254037844386,0.5000000000000001,1,0
1,Nexora Care - Riverside,2024-02-26,332,2024,2,334.0,322.0,283.0,315.0,0.8660254037844386,0.5000000000000001,1,0
1,Nexora Care - Riverside,2024-03-04,298,2024,3,332.0,334.0,321.0,327.25,1.0,6.123233995736766e-17,0,0
1,Nexora Care - Riverside,2024-03-11,302,2024,3,298.0,332.0,322.0,321.5,1.0,6.123233995736766e-17,0,0
1,Nexora Care - Riverside,2024-03-18,262,2024,3,302.0,298.0,334.0,316.5,1.0,6.123233995736766e-17,0,0
1,Nexora Care - Riverside,2024-03-25,256,2024,3,262.0,302.0,332.0,298.5,1.0,6.123233995736766e-17,0,0
1,Nexora Care - Riverside,2024-04-01,291,2024,4,256.0,262.0,298.0,279.5,0.8660254037844387,-0.4999999999999998,0,0
1,Nexora Care - Riverside,2024-04-08,317,2024,4,291.0,256.0,302.0,277.75,0.8660254037844387,-0.4999999999999998,0,0
1,Nexora Care - Riverside,2024-04-15,293,2024,4,317.0,291.0,262.0,281.5,0.8660254037844387,-0.4999999999999998,0,0
1,Nexora Care - Riverside,2024-04-22,323,2024,4,293.0,317.0,256.0,289.25,0.8660254037844387,-0.4999999999999998,0,0
1,Nexora Care - Riverside,2024-04-29,346,2024,4,323.0,293.0,291.0,306.0,0.8660254037844387,-0.4999999999999998,0,0
1,Nexora Care - Riverside,2024-05-06,297,2024,5,346.0,323.0,317.0,319.75,0.49999999999999994,-0.8660254037844387,0,0
1,Nexora Care - Riverside,2024-05-13,303,2024,5,297.0,346.0,293.0,314.75,0.49999999999999994,-0.8660254037844387,0,0
1,Nexora Care - Riverside,2024-05-20,275,2024,5,303.0,297.0,323.0,317.25,0.49999999999999994,-0.8660254037844387,0,0
1,Nexora Care - Riverside,2024-05-27,257,2024,5,275.0,303.0,346.0,305.25,0.49999999999999994,-0.8660254037844387,0,0
1,Nexora Care - Riverside,2024-06-03,282,2024,6,257.0,275.0,297.0,283.0,1.2246467991473532e-16,-1.0,0,0
1,Nexora Care - Riverside,2024-06-10,272,2024,6,282.0,257.0,303.0,279.25,1.2246467991473532e-16,-1.0,0,0
1,Nexora Care - Riverside,2024-06-17,210,2024,6,272.0,282.0,275.0,271.5,1.2246467991473532e-16,-1.0,0,0
1,Nexora Care - Riverside,2024-06-24,233,2024,6,210.0,272.0,257.0,255.25,1.2246467991473532e-16,-1.0,0,0
1,Nexora Care - Riverside,2024-07-01,225,2024,7,233.0,210.0,282.0,249.25,-0.4999999999999997,-0.8660254037844388,0,0
1,Nexora Care - Riverside,2024-07-08,236,2024,7,225.0,233.0,272.0,235.0,-0.4999999999999997,-0.8660254037844388,0,0
1,Nexora Care - Riverside,2024-07-15,257,2024,7,236.0,225.0,210.0,226.0,-0.4999999999999997,-0.8660254037844388,0,0
1,Nexora Care - Riverside,2024-07-22,261,2024,7,257.0,236.0,233.0,237.75,-0.4999999999999997,-0.8660254037844388,0,0
1,Nexora Care - Riverside,2024-07-29,254,2024,7,261.0,257.0,225.0,244.75,-0.4999999999999997,-0.8660254037844388,0,0
1,Nexora Care - Riverside,2024-08-05,267,2024,8,254.0,261.0,236.0,252.0,-0.8660254037844385,-0.5000000000000004,0,0
1,Nexora Care - Riverside,2024-08-12,294,2024,8,267.0,254.0,257.0,259.75,-0.8660254037844385,-0.5000000000000004,0,0
1,Nexora Care - Riverside,2024-08-19,246,2024,8,294.0,267.0,261.0,269.0,-0.8660254037844385,-0.5000000000000004,0,0
1,Nexora Care - Riverside,2024-08-26,205,2024,8,246.0,294.0,254.0,265.25,-0.8660254037844385,-0.5000000000000004,0,0
1,Nexora Care - Riverside,2024-09-02,252,2024,9,205.0,246.0,267.0,253.0,-1.0,-1.8369701987210297e-16,0,0
1,Nexora Care - Riverside,2024-09-09,303,2024,9,252.0,205.0,294.0,249.25,-1.0,-1.8369701987210297e-16,0,0
1,Nexora Care - Riverside,2024-09-16,227,2024,9,303.0,252.0,246.0,251.5,-1.0,-1.8369701987210297e-16,0,0
1,Nexora Care - Riverside,2024-09-23,231,2024,9,227.0,303.0,205.0,246.75,-1.0,-1.8369701987210297e-16,0,0
1,Nexora Care - Riverside,2024-09-30,253,2024,9,231.0,227.0,252.0,253.25,-1.0,-1.8369701987210297e-16,0,0
1,Nexora Care - Riverside,2024-10-07,321,2024,10,253.0,231.0,303.0,253.5,-0.8660254037844386,0.5000000000000001,1,0
1,Nexora Care - Riverside,2024-10-14,212,2024,10,321.0,253.0,227.0,258.0,-0.8660254037844386,0.5000000000000001,1,0
1,Nexora Care - Riverside,2024-10-21,254,2024,10,212.0,321.0,231.0,254.25,-0.8660254037844386,0.5000000000000001,1,0
1,Nexora Care - Riverside,2024-10-28,274,2024,10,254.0,212.0,253.0,260.0,-0.8660254037844386,0.5000000000000001,1,0
1,Nexora Care - Riverside,2024-11-04,244,2024,11,274.0,254.0,321.0,265.25,-0.5000000000000004,0.8660254037844384,1,0
1,Nexora Care - Riverside,2024-11-11,231,2024,11,244.0,274.0,212.0,246.0,-0.5000000000000004,0.8660254037844384,1,0
1,Nexora Care - Riverside,2024-11-18,249,2024,11,231.0,244.0,254.0,250.75,-0.5000000000000004,0.8660254037844384,1,1
1,Nexora Care - Riverside,2024-11-25,210,2024,11,249.0,231.0,274.0,249.5,-0.5000000000000004,0.8660254037844384,1,0
1,Nexora Care - Riverside,2024-12-02,332,2024,12,210.0,249.0,244.0,233.5,-2.4492935982947064e-16,1.0,1,0
1,Nexora Care - Riverside,2024-12-09,373,2024,12,332.0,210.0,231.0,255.5,-2.4492935982947064e-16,1.0,1,0
1,Nexora Care - Riverside,2024-12-16,331,2024,12,373.0,332.0,249.0,291.0,-2.4492935982947064e-16,1.0,1,0
1,Nexora Care - Riverside,2024-12-23,272,2024,12,331.0,373.0,210.0,311.5,-2.4492935982947064e-16,1.0,1,1
1,Nexora Care - Riverside,2024-12-30,260,2024,12,272.0,331.0,332.0,327.0,-2.4492935982947064e-16,1.0,1,0
1,Nexora Care - Riverside,2025-01-06,334,2025,1,260.0,272.0,373.0,309.0,0.49999999999999994,0.8660254037844387,1,0
1,Nexora Care - Riverside,2025-01-13,353,2025,1,334.0,260.0,331.0,299.25,0.49999999999999994,0.8660254037844387,1,0
1,Nexora Care - Riverside,2025-01-20,344,2025,1,353.0,334.0,272.0,304.75,0.49999999999999994,0.8660254037844387,1,0
1,Nexora Care - Riverside,2025-01-27,318,2025,1,344.0,353.0,260.0,322.75,0.49999999999999994,0.8660254037844387,1,0
1,Nexora Care - Riverside,2025-02-03,329,2025,2,318.0,344.0,334.0,337.25,0.8660254037844386,0.5000000000000001,1,0
1,Nexora Care - Riverside,2025-02-10,321,2025,2,329.0,318.0,353.0,336.0,0.8660254037844386,0.5000000000000001,1,0
1,Nexora Care - Riverside,2025-02-17,334,2025,2,321.0,329.0,344.0,328.0,0.8660254037844386,0.5000000000000001,1,0
1,Nexora Care - Riverside,2025-02-24,335,2025,2,334.0,321.0,318.0,325.5,0.8660254037844386,0.5000000000000001,1,0
1,Nexora Care - Riverside,2025-03-03,265,2025,3,335.0,334.0,329.0,329.75,1.0,6.123233995736766e-17,0,0
1,Nexora Care - Riverside,2025-03-10,300,2025,3,265.0,335.0,321.0,313.75,1.0,6.123233995736766e-17,0,0
1,Nexora Care - Riverside,2025-03-17,325,2025,3,300.0,265.0,334.0,308.5,1.0,6.123233995736766e-17,0,0
1,Nexora Care - Riverside,2025-03-24,309,2025,3,325.0,300.0,335.0,306.25,1.0,6.123233995736766e-17,0,0
1,Nexora Care - Riverside,2025-03-31,291,2025,3,309.0,325.0,265.0,299.75,1.0,6.123233995736766e-17,0,0
1,Nexora Care - Riverside,2025-04-07,295,2025,4,291.0,309.0,300.0,306.25,0.8660254037844387,-0.4999999999999998,0,0
1,Nexora Care - Riverside,2025-04-14,296,2025,4,295.0,291.0,325.0,305.0,0.8660254037844387,-0.4999999999999998,0,0
1,Nexora Care - Riverside,2025-04-21,325,2025,4,296.0,295.0,309.0,297.75,0.8660254037844387,-0.4999999999999998,0,0
1,Nexora Care - Riverside,2025-04-28,266,2025,4,325.0,296.0,291.0,301.75,0.8660254037844387,-0.4999999999999998,0,0
1,Nexora Care - Riverside,2025-05-05,317,2025,5,266.0,325.0,295.0,295.5,0.49999999999999994,-0.8660254037844387,0,0
1,Nexora Care - Riverside,2025-05-12,268,2025,5,317.0,266.0,296.0,301.0,0.49999999999999994,-0.8660254037844387,0,0
1,Nexora Care - Riverside,2025-05-19,305,2025,5,268.0,317.0,325.0,294.0,0.49999999999999994,-0.8660254037844387,0,0
1,Nexora Care - Riverside,2025-05-26,249,2025,5,305.0,268.0,266.0,289.0,0.49999999999999994,-0.8660254037844387,0,0
1,Nexora Care - Riverside,2025-06-02,217,2025,6,249.0,305.0,317.0,284.75,1.2246467991473532e-16,-1.0,0,0
1,Nexora Care - Riverside,2025-06-09,236,2025,6,217.0,249.0,268.0,259.75,1.2246467991473532e-16,-1.0,0,0
1,Nexora Care - Riverside,2025-06-16,231,2025,6,236.0,217.0,305.0,251.75,1.2246467991473532e-16,-1.0,0,0
1,Nexora Care - Riverside,2025-06-23,273,2025,6,231.0,236.0,249.0,233.25,1.2246467991473532e-16,-1.0,0,0
1,Nexora Care - Riverside,2025-06-30,265,2025,6,273.0,231.0,217.0,239.25,1.2246467991473532e-16,-1.0,0,0
1,Nexora Care - Riverside,2025-07-07,254,2025,7,265.0,273.0,236.0,251.25,-0.4999999999999997,-0.8660254037844388,0,0
1,Nexora Care - Riverside,2025-07-14,256,2025,7,254.0,265.0,231.0,255.75,-0.4999999999999997,-0.8660254037844388,0,0
1,Nexora Care - Riverside,2025-07-21,232,2025,7,256.0,254.0,273.0,262.0,-0.4999999999999997,-0.8660254037844388,0,0
1,Nexora Care - Riverside,2025-07-28,252,2025,7,232.0,256.0,265.0,251.75,-0.4999999999999997,-0.8660254037844388,0,0
1,Nexora Care - Riverside,2025-08-04,282,2025,8,252.0,232.0,254.0,248.5,-0.8660254037844385,-0.5000000000000004,0,0
1,Nexora Care - Riverside,2025-08-11,274,2025,8,282.0,252.0,256.0,255.5,-0.8660254037844385,-0.5000000000000004,0,0
1,Nexora Care - Riverside,2025-08-18,275,2025,8,274.0,282.0,232.0,260.0,-0.8660254037844385,-0.5000000000000004,0,0
1,Nexora Care - Riverside,2025-08-25,296,2025,8,275.0,274.0,252.0,270.75,-0.8660254037844385,-0.5000000000000004,0,0
1,Nexora Care - Riverside,2025-09-01,262,2025,9,296.0,275.0,282.0,281.75,-1.0,-1.8369701987210297e-16,0,0
1,Nexora Care - Riverside,2025-09-08,285,2025,9,262.0,296.0,274.0,276.75,-1.0,-1.8369701987210297e-16,0,0
1,Nexora Care - Riverside,2025-09-15,260,2025,9,285.0,262.0,275.0,279.5,-1.0,-1.8369701987210297e-16,0,0
1,Nexora Care - Riverside,2025-09-22,259,2025,9,260.0,285.0,296.0,275.75,-1.0,-1.8369701987210297e-16,0,0
1,Nexora Care - Riverside,2025-09-29,251,2025,9,259.0,260.0,262.0,266.5,-1.0,-1.8369701987210297e-16,0,0
1,Nexora Care - Riverside,2025-10-06,229,2025,10,251.0,259.0,285.0,263.75,-0.8660254037844386,0.5000000000000001,1,0
1,Nexora Care - Riverside,2025-10-13,260,2025,10,229.0,251.0,260.0,249.75,-0.8660254037844386,0.5000000000000001,1,0
1,Nexora Care - Riverside,2025-10-20,284,2025,10,260.0,229.0,259.0,249.75,-0.8660254037844386,0.5000000000000001,1,0
1,Nexora Care - Riverside,2025-10-27,306,2025,10,284.0,260.0,251.0,256.0,-0.8660254037844386,0.5000000000000001,1,0
1,Nexora Care - Riverside,2025-11-03,255,2025,11,306.0,284.0,229.0,269.75,-0.5000000000000004,0.8660254037844384,1,0
1,Nexora Care - Riverside,2025-11-10,255,2025,11,255.0,306.0,260.0,276.25,-0.5000000000000004,0.8660254037844384,1,0
1,Nexora Care - Riverside,2025-11-17,293,2025,11,255.0,255.0,284.0,275.0,-0.5000000000000004,0.8660254037844384,1,1
1,Nexora Care - Riverside,2025-11-24,218,2025,11,293.0,255.0,306.0,277.25,-0.5000000000000004,0.8660254037844384,1,0
1,Nexora Care - Riverside,2025-12-01,362,2025,12,218.0,293.0,255.0,255.25,-2.4492935982947064e-16,1.0,1,0
1,Nexora Care - Riverside,2025-12-08,382,2025,12,362.0,218.0,255.0,282.0,-2.4492935982947064e-16,1.0,1,0
1,Nexora Care - Riverside,2025-12-15,348,2025,12,382.0,362.0,293.0,313.75,-2.4492935982947064e-16,1.0,1,0
1,Nexora Care - Riverside,2025-12-22,290,2025,12,348.0,382.0,218.0,327.5,-2.4492935982947064e-16,1.0,1,1
1,Nexora Care - Riverside,2025-12-29,148,2025,12,290.0,348.0,362.0,345.5,-2.4492935982947064e-16,1.0,1,0
2,Nexora Care - Lakeside,2024-01-29,538,2024,1,526.0,372.0,379.0,428.5,0.49999999999999994,0.8660254037844387,1,0
2,Nexora Care - Lakeside,2024-02-05,468,2024,2,538.0,526.0,437.0,468.25,0.8660254037844386,0.5000000000000001,1,0
2,Nexora Care - Lakeside,2024-02-12,476,2024,2,468.0,538.0,372.0,476.0,0.8660254037844386,0.5000000000000001,1,0
2,Nexora Care - Lakeside,2024-02-19,417,2024,2,476.0,468.0,526.0,502.0,0.8660254037844386,0.5000000000000001,1,0
2,Nexora Care - Lakeside,2024-02-26,465,2024,2,417.0,476.0,538.0,474.75,0.8660254037844386,0.5000000000000001,1,0
2,Nexora Care - Lakeside,2024-03-04,404,2024,3,465.0,417.0,468.0,456.5,1.0,6.123233995736766e-17,0,0
2,Nexora Care - Lakeside,2024-03-11,421,2024,3,404.0,465.0,476.0,440.5,1.0,6.123233995736766e-17,0,0
2,Nexora Care - Lakeside,2024-03-18,359,2024,3,421.0,404.0,417.0,426.75,1.0,6.123233995736766e-17,0,0
2,Nexora Care - Lakeside,2024-03-25,469,2024,3,359.0,421.0,465.0,412.25,1.0,6.123233995736766e-17,0,0
2,Nexora Care - Lakeside,2024-04-01,454,2024,4,469.0,359.0,404.0,413.25,0.8660254037844387,-0.4999999999999998,0,0
2,Nexora Care - Lakeside,2024-04-08,450,2024,4,454.0,469.0,421.0,425.75,0.8660254037844387,-0.4999999999999998,0,0
2,Nexora Care - Lakeside,2024-04-15,448,2024,4,450.0,454.0,359.0,433.0,0.8660254037844387,-0.4999999999999998,0,0
2,Nexora Care - Lakeside,2024-04-22,451,2024,4,448.0,450.0,469.0,455.25,0.8660254037844387,-0.4999999999999998,0,0
2,Nexora Care - Lakeside,2024-04-29,480,2024,4,451.0,448.0,454.0,450.75,0.8660254037844387,-0.4999999999999998,0,0
2,Nexora Care - Lakeside,2024-05-06,395,2024,5,480.0,451.0,450.0,457.25,0.49999999999999994,-0.8660254037844387,0,0
2,Nexora Care - Lakeside,2024-05-13,425,2024,5,395.0,480.0,448.0,443.5,0.49999999999999994,-0.8660254037844387,0,0
2,Nexora Care - Lakeside,2024-05-20,389,2024,5,425.0,395.0,451.0,437.75,0.49999999999999994,-0.8660254037844387,0,0
2,Nexora Care - Lakeside,2024-05-27,352,2024,5,389.0,425.0,480.0,422.25,0.49999999999999994,-0.8660254037844387,0,0
2,Nexora Care - Lakeside,2024-06-03,334,2024,6,352.0,389.0,395.0,390.25,1.2246467991473532e-16,-1.0,0,0
2,Nexora Care - Lakeside,2024-06-10,365,2024,6,334.0,352.0,425.0,375.0,1.2246467991473532e-16,-1.0,0,0
2,Nexora Care - Lakeside,2024-06-17,356,2024,6,365.0,334.0,389.0,360.0,1.2246467991473532e-16,-1.0,0,0
2,Nexora Care - Lakeside,2024-06-24,428,2024,6,356.0,365.0,352.0,351.75,1.2246467991473532e-16,-1.0,0,0
2,Nexora Care - Lakeside,2024-07-01,347,2024,7,428.0,356.0,334.0,370.75,-0.4999999999999997,-0.8660254037844388,0,0
2,Nexora Care - Lakeside,2024-07-08,385,2024,7,347.0,428.0,365.0,374.0,-0.4999999999999997,-0.8660254037844388,0,0
2,Nexora Care - Lakeside,2024-07-15,354,2024,7,385.0,347.0,356.0,379.0,-0.4999999999999997,-0.8660254037844388,0,0
2,Nexora Care - Lakeside,2024-07-22,442,2024,7,354.0,385.0,428.0,378.5,-0.4999999999999997,-0.8660254037844388,0,0
2,Nexora Care - Lakeside,2024-07-29,381,2024,7,442.0,354.0,347.0,382.0,-0.4999999999999997,-0.8660254037844388,0,0
2,Nexora Care - Lakeside,2024-08-05,384,2024,8,381.0,442.0,385.0,390.5,-0.8660254037844385,-0.5000000000000004,0,0
2,Nexora Care - Lakeside,2024-08-12,425,2024,8,384.0,381.0,354.0,390.25,-0.8660254037844385,-0.5000000000000004,0,0
2,Nexora Care - Lakeside,2024-08-19,422,2024,8,425.0,384.0,442.0,408.0,-0.8660254037844385,-0.5000000000000004,0,0
2,Nexora Care - Lakeside,2024-08-26,404,2024,8,422.0,425.0,381.0,403.0,-0.8660254037844385,-0.5000000000000004,0,0
2,Nexora Care - Lakeside,2024-09-02,384,2024,9,404.0,422.0,384.0,408.75,-1.0,-1.8369701987210297e-16,0,0
2,Nexora Care - Lakeside,2024-09-09,411,2024,9,384.0,404.0,425.0,408.75,-1.0,-1.8369701987210297e-16,0,0
2,Nexora Care - Lakeside,2024-09-16,396,2024,9,411.0,384.0,422.0,405.25,-1.0,-1.8369701987210297e-16,0,0
2,Nexora Care - Lakeside,2024-09-23,368,2024,9,396.0,411.0,404.0,398.75,-1.0,-1.8369701987210297e-16,0,0
2,Nexora Care - Lakeside,2024-09-30,428,2024,9,368.0,396.0,384.0,389.75,-1.0,-1.8369701987210297e-16,0,0
2,Nexora Care - Lakeside,2024-10-07,402,2024,10,428.0,368.0,411.0,400.75,-0.8660254037844386,0.5000000000000001,1,0
2,Nexora Care - Lakeside,2024-10-14,372,2024,10,402.0,428.0,396.0,398.5,-0.8660254037844386,0.5000000000000001,1,0
2,Nexora Care - Lakeside,2024-10-21,427,2024,10,372.0,402.0,368.0,392.5,-0.8660254037844386,0.5000000000000001,1,0
2,Nexora Care - Lakeside,2024-10-28,417,2024,10,427.0,372.0,428.0,407.25,-0.8660254037844386,0.5000000000000001,1,0
2,Nexora Care - Lakeside,2024-11-04,429,2024,11,417.0,427.0,402.0,404.5,-0.5000000000000004,0.8660254037844384,1,0
2,Nexora Care - Lakeside,2024-11-11,374,2024,11,429.0,417.0,372.0,411.25,-0.5000000000000004,0.8660254037844384,1,0
2,Nexora Care - Lakeside,2024-11-18,357,2024,11,374.0,429.0,427.0,411.75,-0.5000000000000004,0.8660254037844384,1,1
2,Nexora Care - Lakeside,2024-11-25,303,2024,11,357.0,374.0,417.0,394.25,-0.5000000000000004,0.8660254037844384,1,0
2,Nexora Care - Lakeside,2024-12-02,584,2024,12,303.0,357.0,429.0,365.75,-2.4492935982947064e-16,1.0,1,0
2,Nexora Care - Lakeside,2024-12-09,523,2024,12,584.0,303.0,374.0,404.5,-2.4492935982947064e-16,1.0,1,0
2,Nexora Care - Lakeside,2024-12-16,528,2024,12,523.0,584.0,357.0,441.75,-2.4492935982947064e-16,1.0,1,0
2,Nexora Care - Lakeside,2024-12-23,297,2024,12,528.0,523.0,303.0,484.5,-2.4492935982947064e-16,1.0,1,1
2,Nexora Care - Lakeside,2024-12-30,371,2024,12,297.0,528.0,584.0,483.0,-2.4492935982947064e-16,1.0,1,0
2,Nexora Care - Lakeside,2025-01-06,580,2025,1,371.0,297.0,523.0,429.75,0.49999999999999994,0.8660254037844387,1,0
2,Nexora Care - Lakeside,2025-01-13,499,2025,1,580.0,371.0,528.0,444.0,0.49999999999999994,0.8660254037844387,1,0
2,Nexora Care - Lakeside,2025-01-20,404,2025,1,499.0,580.0,297.0,436.75,0.49999999999999994,0.8660254037844387,1,0
2,Nexora Care - Lakeside,2025-01-27,488,2025,1,404.0,499.0,371.0,463.5,0.49999999999999994,0.8660254037844387,1,0
2,Nexora Care - Lakeside,2025-02-03,489,2025,2,488.0,404.0,580.0,492.75,0.8660254037844386,0.5000000000000001,1,0
2,Nexora Care - Lakeside,2025-02-10,609,2025,2,489.0,488.0,499.0,470.0,0.8660254037844386,0.5000000000000001,1,0
2,Nexora Care - Lakeside,2025-02-17,486,2025,2,609.0,489.0,404.0,497.5,0.8660254037844386,0.5000000000000001,1,0
2,Nexora Care - Lakeside,2025-02-24,512,2025,2,486.0,609.0,488.0,518.0,0.8660254037844386,0.5000000000000001,1,0
2,Nexora Care - Lakeside,2025-03-03,512,2025,3,512.0,486.0,489.0,524.0,1.0,6.123233995736766e-17,0,0
2,Nexora Care - Lakeside,2025-03-10,499,2025,3,512.0,512.0,609.0,529.75,1.0,6.123233995736766e-17,0,0
2,Nexora Care - Lakeside,2025-03-17,481,2025,3,499.0,512.0,486.0,502.25,1.0,6.123233995736766e-17,0,0
2,Nexora Care - Lakeside,2025-03-24,460,2025,3,481.0,499.0,512.0,501.0,1.0,6.123233995736766e-17,0,0
2,Nexora Care - Lakeside,2025-03-31,444,2025,3,460.0,481.0,512.0,488.0,1.0,6.123233995736766e-17,0,0
2,Nexora Care - Lakeside,2025-04-07,453,2025,4,444.0,460.0,499.0,471.0,0.8660254037844387,-0.4999999999999998,0,0
2,Nexora Care - Lakeside,2025-04-14,471,2025,4,453.0,444.0,481.0,459.5,0.8660254037844387,-0.4999999999999998,0,0
2,Nexora Care - Lakeside,2025-04-21,513,2025,4,471.0,453.0,460.0,457.0,0.8660254037844387,-0.4999999999999998,0,0
2,Nexora Care - Lakeside,2025-04-28,507,2025,4,513.0,471.0,444.0,470.25,0.8660254037844387,-0.4999999999999998,0,0
2,Nexora Care - Lakeside,2025-05-05,446,2025,5,507.0,513.0,453.0,486.0,0.49999999999999994,-0.8660254037844387,0,0
2,Nexora Care - Lakeside,2025-05-12,417,2025,5,446.0,507.0,471.0,484.25,0.49999999999999994,-0.8660254037844387,0,0
2,Nexora Care - Lakeside,2025-05-19,473,2025,5,417.0,446.0,513.0,470.75,0.49999999999999994,-0.8660254037844387,0,0
2,Nexora Care - Lakeside,2025-05-26,479,2025,5,473.0,417.0,507.0,460.75,0.49999999999999994,-0.8660254037844387,0,0
2,Nexora Care - Lakeside,2025-06-02,441,2025,6,479.0,473.0,446.0,453.75,1.2246467991473532e-16,-1.0,0,0
2,Nexora Care - Lakeside,2025-06-09,413,2025,6,441.0,479.0,417.0,452.5,1.2246467991473532e-16,-1.0,0,0
2,Nexora Care - Lakeside,2025-06-16,347,2025,6,413.0,441.0,473.0,451.5,1.2246467991473532e-16,-1.0,0,0
2,Nexora Care - Lakeside,2025-06-23,429,2025,6,347.0,413.0,479.0,420.0,1.2246467991473532e-16,-1.0,0,0
2,Nexora Care - Lakeside,2025-06-30,429,2025,6,429.0,347.0,441.0,407.5,1.2246467991473532e-16,-1.0,0,0
2,Nexora Care - Lakeside,2025-07-07,398,2025,7,429.0,429.0,413.0,404.5,-0.4999999999999997,-0.8660254037844388,0,0
2,Nexora Care - Lakeside,2025-07-14,379,2025,7,398.0,429.0,347.0,400.75,-0.4999999999999997,-0.8660254037844388,0,0
2,Nexora Care - Lakeside,2025-07-21,352,2025,7,379.0,398.0,429.0,408.75,-0.4999999999999997,-0.8660254037844388,0,0
2,Nexora Care - Lakeside,2025-07-28,376,2025,7,352.0,379.0,429.0,389.5,-0.4999999999999997,-0.8660254037844388,0,0
2,Nexora Care - Lakeside,2025-08-04,423,2025,8,376.0,352.0,398.0,376.25,-0.8660254037844385,-0.5000000000000004,0,0
2,Nexora Care - Lakeside,2025-08-11,494,2025,8,423.0,376.0,379.0,382.5,-0.8660254037844385,-0.5000000000000004,0,0
2,Nexora Care - Lakeside,2025-08-18,492,2025,8,494.0,423.0,352.0,411.25,-0.8660254037844385,-0.5000000000000004,0,0
2,Nexora Care - Lakeside,2025-08-25,482,2025,8,492.0,494.0,376.0,446.25,-0.8660254037844385,-0.5000000000000004,0,0
2,Nexora Care - Lakeside,2025-09-01,481,2025,9,482.0,492.0,423.0,472.75,-1.0,-1.8369701987210297e-16,0,0
2,Nexora Care - Lakeside,2025-09-08,496,2025,9,481.0,482.0,494.0,487.25,-1.0,-1.8369701987210297e-16,0,0
2,Nexora Care - Lakeside,2025-09-15,428,2025,9,496.0,481.0,492.0,487.75,-1.0,-1.8369701987210297e-16,0,0
2,Nexora Care - Lakeside,2025-09-22,473,2025,9,428.0,496.0,482.0,471.75,-1.0,-1.8369701987210297e-16,0,0
2,Nexora Care - Lakeside,2025-09-29,412,2025,9,473.0,428.0,481.0,469.5,-1.0,-1.8369701987210297e-16,0,0
2,Nexora Care - Lakeside,2025-10-06,478,2025,10,412.0,473.0,496.0,452.25,-0.8660254037844386,0.5000000000000001,1,0
2,Nexora Care - Lakeside,2025-10-13,457,2025,10,478.0,412.0,428.0,447.75,-0.8660254037844386,0.5000000000000001,1,0
2,Nexora Care - Lakeside,2025-10-20,462,2025,10,457.0,478.0,473.0,455.0,-0.8660254037844386,0.5000000000000001,1,0
2,Nexora Care - Lakeside,2025-10-27,468,2025,10,462.0,457.0,412.0,452.25,-0.8660254037844386,0.5000000000000001,1,0
2,Nexora Care - Lakeside,2025-11-03,445,2025,11,468.0,462.0,478.0,466.25,-0.5000000000000004,0.8660254037844384,1,0
2,Nexora Care - Lakeside,2025-11-10,339,2025,11,445.0,468.0,457.0,458.0,-0.5000000000000004,0.8660254037844384,1,0
2,Nexora Care - Lakeside,2025-11-17,489,2025,11,339.0,445.0,462.0,428.5,-0.5000000000000004,0.8660254037844384,1,1
2,Nexora Care - Lakeside,2025-11-24,322,2025,11,489.0,339.0,468.0,435.25,-0.5000000000000004,0.8660254037844384,1,0
2,Nexora Care - Lakeside,2025-12-01,543,2025,12,322.0,489.0,445.0,398.75,-2.4492935982947064e-16,1.0,1,0
2,Nexora Care - Lakeside,2025-12-08,595,2025,12,543.0,322.0,339.0,423.25,-2.4492935982947064e-16,1.0,1,0
2,Nexora Care - Lakeside,2025-12-15,494,2025,12,595.0,543.0,489.0,487.25,-2.4492935982947064e-16,1.0,1,0
2,Nexora Care - Lakeside,2025-12-22,411,2025,12,494.0,595.0,322.0,488.5,-2.4492935982947064e-16,1.0,1,1
2,Nexora Care - Lakeside,2025-12-29,238,2025,12,411.0,494.0,543.0,510.75,-2.4492935982947064e-16,1.0,1,0
3,Nexora Care - Downtown Express,2024-01-29,196,2024,1,174.0,196.0,151.0,185.0,0.49999999999999994,0.8660254037844387,1,0
3,Nexora Care - Downtown Express,2024-02-05,221,2024,2,196.0,174.0,219.0,196.25,0.8660254037844386,0.5000000000000001,1,0
3,Nexora Care - Downtown Express,2024-02-12,189,2024,2,221.0,196.0,196.0,196.75,0.8660254037844386,0.5000000000000001,1,0
3,Nexora Care - Downtown Express,2024-02-19,182,2024,2,189.0,221.0,174.0,195.0,0.8660254037844386,0.5000000000000001,1,0
3,Nexora Care - Downtown Express,2024-02-26,201,2024,2,182.0,189.0,196.0,197.0,0.8660254037844386,0.5000000000000001,1,0
3,Nexora Care - Downtown Express,2024-03-04,199,2024,3,201.0,182.0,221.0,198.25,1.0,6.123233995736766e-17,0,0
3,Nexora Care - Downtown Express,2024-03-11,220,2024,3,199.0,201.0,189.0,192.75,1.0,6.123233995736766e-17,0,0
3,Nexora Care - Downtown Express,2024-03-18,170,2024,3,220.0,199.0,182.0,200.5,1.0,6.123233995736766e-17,0,0
3,Nexora Care - Downtown Express,2024-03-25,198,2024,3,170.0,220.0,201.0,197.5,1.0,6.123233995736766e-17,0,0
3,Nexora Care - Downtown Express,2024-04-01,227,2024,4,198.0,170.0,199.0,196.75,0.8660254037844387,-0.4999999999999998,0,0
3,Nexora Care - Downtown Express,2024-04-08,205,2024,4,227.0,198.0,220.0,203.75,0.8660254037844387,-0.4999999999999998,0,0
3,Nexora Care - Downtown Express,2024-04-15,229,2024,4,205.0,227.0,170.0,200.0,0.8660254037844387,-0.4999999999999998,0,0
3,Nexora Care - Downtown Express,2024-04-22,183,2024,4,229.0,205.0,198.0,214.75,0.8660254037844387,-0.4999999999999998,0,0
3,Nexora Care - Downtown Express,2024-04-29,203,2024,4,183.0,229.0,227.0,211.0,0.8660254037844387,-0.4999999999999998,0,0
3,Nexora Care - Downtown Express,2024-05-06,218,2024,5,203.0,183.0,205.0,205.0,0.49999999999999994,-0.8660254037844387,0,0
3,Nexora Care - Downtown Express,2024-05-13,247,2024,5,218.0,203.0,229.0,208.25,0.49999999999999994,-0.8660254037844387,0,0
3,Nexora Care - Downtown Express,2024-05-20,202,2024,5,247.0,218.0,183.0,212.75,0.49999999999999994,-0.8660254037844387,0,0
3,Nexora Care - Downtown Express,2024-05-27,177,2024,5,202.0,247.0,203.0,217.5,0.49999999999999994,-0.8660254037844387,0,0
3,Nexora Care - Downtown Express,2024-06-03,186,2024,6,177.0,202.0,218.0,211.0,1.2246467991473532e-16,-1.0,0,0
3,Nexora Care - Downtown Express,2024-06-10,192,2024,6,186.0,177.0,247.0,203.0,1.2246467991473532e-16,-1.0,0,0
3,Nexora Care - Downtown Express,2024-06-17,182,2024,6,192.0,186.0,202.0,189.25,1.2246467991473532e-16,-1.0,0,0
3,Nexora Care - Downtown Express,2024-06-24,216,2024,6,182.0,192.0,177.0,184.25,1.2246467991473532e-16,-1.0,0,0
3,Nexora Care - Downtown Express,2024-07-01,169,2024,7,216.0,182.0,186.0,194.0,-0.4999999999999997,-0.8660254037844388,0,0
3,Nexora Care - Downtown Express,2024-07-08,213,2024,7,169.0,216.0,192.0,189.75,-0.4999999999999997,-0.8660254037844388,0,0
3,Nexora Care - Downtown Express,2024-07-15,200,2024,7,213.0,169.0,182.0,195.0,-0.4999999999999997,-0.8660254037844388,0,0
3,Nexora Care - Downtown Express,2024-07-22,217,2024,7,200.0,213.0,216.0,199.5,-0.4999999999999997,-0.8660254037844388,0,0
3,Nexora Care - Downtown Express,2024-07-29,224,2024,7,217.0,200.0,169.0,199.75,-0.4999999999999997,-0.8660254037844388,0,0
3,Nexora Care - Downtown Express,2024-08-05,195,2024,8,224.0,217.0,213.0,213.5,-0.8660254037844385,-0.5000000000000004,0,0
3,Nexora Care - Downtown Express,2024-08-12,230,2024,8,195.0,224.0,200.0,209.0,-0.8660254037844385,-0.5000000000000004,0,0
3,Nexora Care - Downtown Express,2024-08-19,239,2024,8,230.0,195.0,217.0,216.5,-0.8660254037844385,-0.5000000000000004,0,0
3,Nexora Care - Downtown Express,2024-08-26,234,2024,8,239.0,230.0,224.0,222.0,-0.8660254037844385,-0.5000000000000004,0,0
3,Nexora Care - Downtown Express,2024-09-02,201,2024,9,234.0,239.0,195.0,224.5,-1.0,-1.8369701987210297e-16,0,0
3,Nexora Care - Downtown Express,2024-09-09,244,2024,9,201.0,234.0,230.0,226.0,-1.0,-1.8369701987210297e-16,0,0
3,Nexora Care - Downtown Express,2024-09-16,228,2024,9,244.0,201.0,239.0,229.5,-1.0,-1.8369701987210297e-16,0,0
3,Nexora Care - Downtown Express,2024-09-23,202,2024,9,228.0,244.0,234.0,226.75,-1.0,-1.8369701987210297e-16,0,0
3,Nexora Care - Downtown Express,2024-09-30,235,2024,9,202.0,228.0,201.0,218.75,-1.0,-1.8369701987210297e-16,0,0
3,Nexora Care - Downtown Express,2024-10-07,232,2024,10,235.0,202.0,244.0,227.25,-0.8660254037844386,0.5000000000000001,1,0
3,Nexora Care - Downtown Express,2024-10-14,266,2024,10,232.0,235.0,228.0,224.25,-0.8660254037844386,0.5000000000000001,1,0
3,Nexora Care - Downtown Express,2024-10-21,213,2024,10,266.0,232.0,202.0,233.75,-0.8660254037844386,0.5000000000000001,1,0
3,Nexora Care - Downtown Express,2024-10-28,242,2024,10,213.0,266.0,235.0,236.5,-0.8660254037844386,0.5000000000000001,1,0
3,Nexora Care - Downtown Express,2024-11-04,252,2024,11,242.0,213.0,232.0,238.25,-0.5000000000000004,0.8660254037844384,1,0
3,Nexora Care - Downtown Express,2024-11-11,204,2024,11,252.0,242.0,266.0,243.25,-0.5000000000000004,0.8660254037844384,1,0
3,Nexora Care - Downtown Express,2024-11-18,229,2024,11,204.0,252.0,213.0,227.75,-0.5000000000000004,0.8660254037844384,1,1
3,Nexora Care - Downtown Express,2024-11-25,190,2024,11,229.0,204.0,242.0,231.75,-0.5000000000000004,0.8660254037844384,1,0
3,Nexora Care - Downtown Express,2024-12-02,231,2024,12,190.0,229.0,252.0,218.75,-2.4492935982947064e-16,1.0,1,0
3,Nexora Care - Downtown Express,2024-12-09,269,2024,12,231.0,190.0,204.0,213.5,-2.4492935982947064e-16,1.0,1,0
3,Nexora Care - Downtown Express,2024-12-16,301,2024,12,269.0,231.0,229.0,229.75,-2.4492935982947064e-16,1.0,1,0
3,Nexora Care - Downtown Express,2024-12-23,230,2024,12,301.0,269.0,190.0,247.75,-2.4492935982947064e-16,1.0,1,1
3,Nexora Care - Downtown Express,2024-12-30,203,2024,12,230.0,301.0,231.0,257.75,-2.4492935982947064e-16,1.0,1,0
3,Nexora Care - Downtown Express,2025-01-06,285,2025,1,203.0,230.0,269.0,250.75,0.49999999999999994,0.8660254037844387,1,0
3,Nexora Care - Downtown Express,2025-01-13,230,2025,1,285.0,203.0,301.0,254.75,0.49999999999999994,0.8660254037844387,1,0
3,Nexora Care - Downtown Express,2025-01-20,242,2025,1,230.0,285.0,230.0,237.0,0.49999999999999994,0.8660254037844387,1,0
3,Nexora Care - Downtown Express,2025-01-27,239,2025,1,242.0,230.0,203.0,240.0,0.49999999999999994,0.8660254037844387,1,0
3,Nexora Care - Downtown Express,2025-02-03,290,2025,2,239.0,242.0,285.0,249.0,0.8660254037844386,0.5000000000000001,1,0
3,Nexora Care - Downtown Express,2025-02-10,280,2025,2,290.0,239.0,230.0,250.25,0.8660254037844386,0.5000000000000001,1,0
3,Nexora Care - Downtown Express,2025-02-17,248,2025,2,280.0,290.0,242.0,262.75,0.8660254037844386,0.5000000000000001,1,0
3,Nexora Care - Downtown Express,2025-02-24,261,2025,2,248.0,280.0,239.0,264.25,0.8660254037844386,0.5000000000000001,1,0
3,Nexora Care - Downtown Express,2025-03-03,274,2025,3,261.0,248.0,290.0,269.75,1.0,6.123233995736766e-17,0,0
3,Nexora Care - Downtown Express,2025-03-10,281,2025,3,274.0,261.0,280.0,265.75,1.0,6.123233995736766e-17,0,0
3,Nexora Care - Downtown Express,2025-03-17,264,2025,3,281.0,274.0,248.0,266.0,1.0,6.123233995736766e-17,0,0
3,Nexora Care - Downtown Express,2025-03-24,250,2025,3,264.0,281.0,261.0,270.0,1.0,6.123233995736766e-17,0,0
3,Nexora Care - Downtown Express,2025-03-31,269,2025,3,250.0,264.0,274.0,267.25,1.0,6.123233995736766e-17,0,0
3,Nexora Care - Downtown Express,2025-04-07,275,2025,4,269.0,250.0,281.0,266.0,0.8660254037844387,-0.4999999999999998,0,0
3,Nexora Care - Downtown Express,2025-04-14,279,2025,4,275.0,269.0,264.0,264.5,0.8660254037844387,-0.4999999999999998,0,0
3,Nexora Care - Downtown Express,2025-04-21,250,2025,4,279.0,275.0,250.0,268.25,0.8660254037844387,-0.4999999999999998,0,0
3,Nexora Care - Downtown Express,2025-04-28,269,2025,4,250.0,279.0,269.0,268.25,0.8660254037844387,-0.4999999999999998,0,0
3,Nexora Care - Downtown Express,2025-05-05,237,2025,5,269.0,250.0,275.0,268.25,0.49999999999999994,-0.8660254037844387,0,0
3,Nexora Care - Downtown Express,2025-05-12,268,2025,5,237.0,269.0,279.0,258.75,0.49999999999999994,-0.8660254037844387,0,0
3,Nexora Care - Downtown Express,2025-05-19,281,2025,5,268.0,237.0,250.0,256.0,0.49999999999999994,-0.8660254037844387,0,0
3,Nexora Care - Downtown Express,2025-05-26,257,2025,5,281.0,268.0,269.0,263.75,0.49999999999999994,-0.8660254037844387,0,0
3,Nexora Care - Downtown Express,2025-06-02,287,2025,6,257.0,281.0,237.0,260.75,1.2246467991473532e-16,-1.0,0,0
3,Nexora Care - Downtown Express,2025-06-09,222,2025,6,287.0,257.0,268.0,273.25,1.2246467991473532e-16,-1.0,0,0
3,Nexora Care - Downtown Express,2025-06-16,246,2025,6,222.0,287.0,281.0,261.75,1.2246467991473532e-16,-1.0,0,0
3,Nexora Care - Downtown Express,2025-06-23,274,2025,6,246.0,222.0,257.0,253.0,1.2246467991473532e-16,-1.0,0,0
3,Nexora Care - Downtown Express,2025-06-30,233,2025,6,274.0,246.0,287.0,257.25,1.2246467991473532e-16,-1.0,0,0
3,Nexora Care - Downtown Express,2025-07-07,250,2025,7,233.0,274.0,222.0,243.75,-0.4999999999999997,-0.8660254037844388,0,0
3,Nexora Care - Downtown Express,2025-07-14,263,2025,7,250.0,233.0,246.0,250.75,-0.4999999999999997,-0.8660254037844388,0,0
3,Nexora Care - Downtown Express,2025-07-21,299,2025,7,263.0,250.0,274.0,255.0,-0.4999999999999997,-0.8660254037844388,0,0
3,Nexora Care - Downtown Express,2025-07-28,227,2025,7,299.0,263.0,233.0,261.25,-0.4999999999999997,-0.8660254037844388,0,0
3,Nexora Care - Downtown Express,2025-08-04,286,2025,8,227.0,299.0,250.0,259.75,-0.8660254037844385,-0.5000000000000004,0,0
3,Nexora Care - Downtown Express,2025-08-11,266,2025,8,286.0,227.0,263.0,268.75,-0.8660254037844385,-0.5000000000000004,0,0
3,Nexora Care - Downtown Express,2025-08-18,282,2025,8,266.0,286.0,299.0,269.5,-0.8660254037844385,-0.5000000000000004,0,0
3,Nexora Care - Downtown Express,2025-08-25,302,2025,8,282.0,266.0,227.0,265.25,-0.8660254037844385,-0.5000000000000004,0,0
3,Nexora Care - Downtown Express,2025-09-01,259,2025,9,302.0,282.0,286.0,284.0,-1.0,-1.8369701987210297e-16,0,0
3,Nexora Care - Downtown Express,2025-09-08,264,2025,9,259.0,302.0,266.0,277.25,-1.0,-1.8369701987210297e-16,0,0
3,Nexora Care - Downtown Express,2025-09-15,299,2025,9,264.0,259.0,282.0,276.75,-1.0,-1.8369701987210297e-16,0,0
3,Nexora Care - Downtown Express,2025-09-22,265,2025,9,299.0,264.0,302.0,281.0,-1.0,-1.8369701987210297e-16,0,0
3,Nexora Care - Downtown Express,2025-09-29,274,2025,9,265.0,299.0,259.0,271.75,-1.0,-1.8369701987210297e-16,0,0
3,Nexora Care - Downtown Express,2025-10-06,283,2025,10,274.0,265.0,264.0,275.5,-0.8660254037844386,0.5000000000000001,1,0
3,Nexora Care - Downtown Express,2025-10-13,328,2025,10,283.0,274.0,299.0,280.25,-0.8660254037844386,0.5000000000000001,1,0
3,Nexora Care - Downtown Express,2025-10-20,267,2025,10,328.0,283.0,265.0,287.5,-0.8660254037844386,0.5000000000000001,1,0
3,Nexora Care - Downtown Express,2025-10-27,258,2025,10,267.0,328.0,274.0,288.0,-0.8660254037844386,0.5000000000000001,1,0
3,Nexora Care - Downtown Express,2025-11-03,291,2025,11,258.0,267.0,283.0,284.0,-0.5000000000000004,0.8660254037844384,1,0
3,Nexora Care - Downtown Express,2025-11-10,297,2025,11,291.0,258.0,328.0,286.0,-0.5000000000000004,0.8660254037844384,1,0
3,Nexora Care - Downtown Express,2025-11-17,276,2025,11,297.0,291.0,267.0,278.25,-0.5000000000000004,0.8660254037844384,1,1
3,Nexora Care - Downtown Express,2025-11-24,236,2025,11,276.0,297.0,258.0,280.5,-0.5000000000000004,0.8660254037844384,1,0
3,Nexora Care - Downtown Express,2025-12-01,322,2025,12,236.0,276.0,291.0,275.0,-2.4492935982947064e-16,1.0,1,0
3,Nexora Care - Downtown Express,2025-12-08,363,2025,12,322.0,236.0,297.0,282.75,-2.4492935982947064e-16,1.0,1,0
3,Nexora Care - Downtown Express,2025-12-15,300,2025,12,363.0,322.0,276.0,299.25,-2.4492935982947064e-16,1.0,1,0
3,Nexora Care - Downtown Express,2025-12-22,211,2025,12,300.0,363.0,236.0,305.25,-2.4492935982947064e-16,1.0,1,1
3,Nexora Care - Downtown Express,2025-12-29,111,2025,12,211.0,300.0,322.0,299.0,-2.4492935982947064e-16,1.0,1,0
4,Nexora Care - Hillcrest,2024-07-22,276,2024,7,291.0,318.0,14.0,236.5,-0.4999999999999997,-0.8660254037844388,0,0
4,Nexora Care - Hillcrest,2024-07-29,291,2024,7,276.0,291.0,323.0,302.0,-0.4999999999999997,-0.8660254037844388,0,0
4,Nexora Care - Hillcrest,2024-08-05,338,2024,8,291.0,276.0,318.0,294.0,-0.8660254037844385,-0.5000000000000004,0,0
4,Nexora Care - Hillcrest,2024-08-12,357,2024,8,338.0,291.0,291.0,299.0,-0.8660254037844385,-0.5000000000000004,0,0
4,Nexora Care - Hillcrest,2024-08-19,308,2024,8,357.0,338.0,276.0,315.5,-0.8660254037844385,-0.5000000000000004,0,0
4,Nexora Care - Hillcrest,2024-08-26,313,2024,8,308.0,357.0,291.0,323.5,-0.8660254037844385,-0.5000000000000004,0,0
4,Nexora Care - Hillcrest,2024-09-02,318,2024,9,313.0,308.0,338.0,329.0,-1.0,-1.8369701987210297e-16,0,0
4,Nexora Care - Hillcrest,2024-09-09,312,2024,9,318.0,313.0,357.0,324.0,-1.0,-1.8369701987210297e-16,0,0
4,Nexora Care - Hillcrest,2024-09-16,323,2024,9,312.0,318.0,308.0,312.75,-1.0,-1.8369701987210297e-16,0,0
4,Nexora Care - Hillcrest,2024-09-23,271,2024,9,323.0,312.0,313.0,316.5,-1.0,-1.8369701987210297e-16,0,0
4,Nexora Care - Hillcrest,2024-09-30,313,2024,9,271.0,323.0,318.0,306.0,-1.0,-1.8369701987210297e-16,0,0
4,Nexora Care - Hillcrest,2024-10-07,332,2024,10,313.0,271.0,312.0,304.75,-0.8660254037844386,0.5000000000000001,1,0
4,Nexora Care - Hillcrest,2024-10-14,374,2024,10,332.0,313.0,323.0,309.75,-0.8660254037844386,0.5000000000000001,1,0
4,Nexora Care - Hillcrest,2024-10-21,320,2024,10,374.0,332.0,271.0,322.5,-0.8660254037844386,0.5000000000000001,1,0
4,Nexora Care - Hillcrest,2024-10-28,320,2024,10,320.0,374.0,313.0,334.75,-0.8660254037844386,0.5000000000000001,1,0
4,Nexora Care - Hillcrest,2024-11-04,337,2024,11,320.0,320.0,332.0,336.5,-0.5000000000000004,0.8660254037844384,1,0
4,Nexora Care - Hillcrest,2024-11-11,271,2024,11,337.0,320.0,374.0,337.75,-0.5000000000000004,0.8660254037844384,1,0
4,Nexora Care - Hillcrest,2024-11-18,330,2024,11,271.0,337.0,320.0,312.0,-0.5000000000000004,0.8660254037844384,1,1
4,Nexora Care - Hillcrest,2024-11-25,195,2024,11,330.0,271.0,320.0,314.5,-0.5000000000000004,0.8660254037844384,1,0
4,Nexora Care - Hillcrest,2024-12-02,412,2024,12,195.0,330.0,337.0,283.25,-2.4492935982947064e-16,1.0,1,0
4,Nexora Care - Hillcrest,2024-12-09,405,2024,12,412.0,195.0,271.0,302.0,-2.4492935982947064e-16,1.0,1,0
4,Nexora Care - Hillcrest,2024-12-16,440,2024,12,405.0,412.0,330.0,335.5,-2.4492935982947064e-16,1.0,1,0
4,Nexora Care - Hillcrest,2024-12-23,272,2024,12,440.0,405.0,195.0,363.0,-2.4492935982947064e-16,1.0,1,1
4,Nexora Care - Hillcrest,2024-12-30,285,2024,12,272.0,440.0,412.0,382.25,-2.4492935982947064e-16,1.0,1,0
4,Nexora Care - Hillcrest,2025-01-06,482,2025,1,285.0,272.0,405.0,350.5,0.49999999999999994,0.8660254037844387,1,0
4,Nexora Care - Hillcrest,2025-01-13,528,2025,1,482.0,285.0,440.0,369.75,0.49999999999999994,0.8660254037844387,1,0
4,Nexora Care - Hillcrest,2025-01-20,406,2025,1,528.0,482.0,272.0,391.75,0.49999999999999994,0.8660254037844387,1,0
4,Nexora Care - Hillcrest,2025-01-27,387,2025,1,406.0,528.0,285.0,425.25,0.49999999999999994,0.8660254037844387,1,0
4,Nexora Care - Hillcrest,2025-02-03,418,2025,2,387.0,406.0,482.0,450.75,0.8660254037844386,0.5000000000000001,1,0
4,Nexora Care - Hillcrest,2025-02-10,440,2025,2,418.0,387.0,528.0,434.75,0.8660254037844386,0.5000000000000001,1,0
4,Nexora Care - Hillcrest,2025-02-17,397,2025,2,440.0,418.0,406.0,412.75,0.8660254037844386,0.5000000000000001,1,0
4,Nexora Care - Hillcrest,2025-02-24,421,2025,2,397.0,440.0,387.0,410.5,0.8660254037844386,0.5000000000000001,1,0
4,Nexora Care - Hillcrest,2025-03-03,385,2025,3,421.0,397.0,418.0,419.0,1.0,6.123233995736766e-17,0,0
4,Nexora Care - Hillcrest,2025-03-10,408,2025,3,385.0,421.0,440.0,410.75,1.0,6.123233995736766e-17,0,0
4,Nexora Care - Hillcrest,2025-03-17,362,2025,3,408.0,385.0,397.0,402.75,1.0,6.123233995736766e-17,0,0
4,Nexora Care - Hillcrest,2025-03-24,356,2025,3,362.0,408.0,421.0,394.0,1.0,6.123233995736766e-17,0,0
4,Nexora Care - Hillcrest,2025-03-31,445,2025,3,356.0,362.0,385.0,377.75,1.0,6.123233995736766e-17,0,0
4,Nexora Care - Hillcrest,2025-04-07,376,2025,4,445.0,356.0,408.0,392.75,0.8660254037844387,-0.4999999999999998,0,0
4,Nexora Care - Hillcrest,2025-04-14,449,2025,4,376.0,445.0,362.0,384.75,0.8660254037844387,-0.4999999999999998,0,0
4,Nexora Care - Hillcrest,2025-04-21,386,2025,4,449.0,376.0,356.0,406.5,0.8660254037844387,-0.4999999999999998,0,0
4,Nexora Care - Hillcrest,2025-04-28,390,2025,4,386.0,449.0,445.0,414.0,0.8660254037844387,-0.4999999999999998,0,0
4,Nexora Care - Hillcrest,2025-05-05,393,2025,5,390.0,386.0,376.0,400.25,0.49999999999999994,-0.8660254037844387,0,0
4,Nexora Care - Hillcrest,2025-05-12,408,2025,5,393.0,390.0,449.0,404.5,0.49999999999999994,-0.8660254037844387,0,0
4,Nexora Care - Hillcrest,2025-05-19,375,2025,5,408.0,393.0,386.0,394.25,0.49999999999999994,-0.8660254037844387,0,0
4,Nexora Care - Hillcrest,2025-05-26,356,2025,5,375.0,408.0,390.0,391.5,0.49999999999999994,-0.8660254037844387,0,0
4,Nexora Care - Hillcrest,2025-06-02,398,2025,6,356.0,375.0,393.0,383.0,1.2246467991473532e-16,-1.0,0,0
4,Nexora Care - Hillcrest,2025-06-09,413,2025,6,398.0,356.0,408.0,384.25,1.2246467991473532e-16,-1.0,0,0
4,Nexora Care - Hillcrest,2025-06-16,355,2025,6,413.0,398.0,375.0,385.5,1.2246467991473532e-16,-1.0,0,0
4,Nexora Care - Hillcrest,2025-06-23,415,2025,6,355.0,413.0,356.0,380.5,1.2246467991473532e-16,-1.0,0,0
4,Nexora Care - Hillcrest,2025-06-30,325,2025,6,415.0,355.0,398.0,395.25,1.2246467991473532e-16,-1.0,0,0
4,Nexora Care - Hillcrest,2025-07-07,367,2025,7,325.0,415.0,413.0,377.0,-0.4999999999999997,-0.8660254037844388,0,0
4,Nexora Care - Hillcrest,2025-07-14,408,2025,7,367.0,325.0,355.0,365.5,-0.4999999999999997,-0.8660254037844388,0,0
4,Nexora Care - Hillcrest,2025-07-21,338,2025,7,408.0,367.0,415.0,378.75,-0.4999999999999997,-0.8660254037844388,0,0
4,Nexora Care - Hillcrest,2025-07-28,391,2025,7,338.0,408.0,325.0,359.5,-0.4999999999999997,-0.8660254037844388,0,0
4,Nexora Care - Hillcrest,2025-08-04,330,2025,8,391.0,338.0,367.0,376.0,-0.8660254037844385,-0.5000000000000004,0,0
4,Nexora Care - Hillcrest,2025-08-11,359,2025,8,330.0,391.0,408.0,366.75,-0.8660254037844385,-0.5000000000000004,0,0
4,Nexora Care - Hillcrest,2025-08-18,421,2025,8,359.0,330.0,338.0,354.5,-0.8660254037844385,-0.5000000000000004,0,0
4,Nexora Care - Hillcrest,2025-08-25,365,2025,8,421.0,359.0,391.0,375.25,-0.8660254037844385,-0.5000000000000004,0,0
4,Nexora Care - Hillcrest,2025-09-01,369,2025,9,365.0,421.0,330.0,368.75,-1.0,-1.8369701987210297e-16,0,0
4,Nexora Care - Hillcrest,2025-09-08,408,2025,9,369.0,365.0,359.0,378.5,-1.0,-1.8369701987210297e-16,0,0
4,Nexora Care - Hillcrest,2025-09-15,358,2025,9,408.0,369.0,421.0,390.75,-1.0,-1.8369701987210297e-16,0,0
4,Nexora Care - Hillcrest,2025-09-22,430,2025,9,358.0,408.0,365.0,375.0,-1.0,-1.8369701987210297e-16,0,0
4,Nexora Care - Hillcrest,2025-09-29,361,2025,9,430.0,358.0,369.0,391.25,-1.0,-1.8369701987210297e-16,0,0
4,Nexora Care - Hillcrest,2025-10-06,384,2025,10,361.0,430.0,408.0,389.25,-0.8660254037844386,0.5000000000000001,1,0
4,Nexora Care - Hillcrest,2025-10-13,364,2025,10,384.0,361.0,358.0,383.25,-0.8660254037844386,0.5000000000000001,1,0
4,Nexora Care - Hillcrest,2025-10-20,404,2025,10,364.0,384.0,430.0,384.75,-0.8660254037844386,0.5000000000000001,1,0
4,Nexora Care - Hillcrest,2025-10-27,364,2025,10,404.0,364.0,361.0,378.25,-0.8660254037844386,0.5000000000000001,1,0
4,Nexora Care - Hillcrest,2025-11-03,399,2025,11,364.0,404.0,384.0,379.0,-0.5000000000000004,0.8660254037844384,1,0
4,Nexora Care - Hillcrest,2025-11-10,373,2025,11,399.0,364.0,364.0,382.75,-0.5000000000000004,0.8660254037844384,1,0
4,Nexora Care - Hillcrest,2025-11-17,420,2025,11,373.0,399.0,404.0,385.0,-0.5000000000000004,0.8660254037844384,1,1
4,Nexora Care - Hillcrest,2025-11-24,321,2025,11,420.0,373.0,364.0,389.0,-0.5000000000000004,0.8660254037844384,1,0
4,Nexora Care - Hillcrest,2025-12-01,484,2025,12,321.0,420.0,399.0,378.25,-2.4492935982947064e-16,1.0,1,0
4,Nexora Care - Hillcrest,2025-12-08,505,2025,12,484.0,321.0,373.0,399.5,-2.4492935982947064e-16,1.0,1,0
4,Nexora Care - Hillcrest,2025-12-15,541,2025,12,505.0,484.0,420.0,432.5,-2.4492935982947064e-16,1.0,1,0
4,Nexora Care - Hillcrest,2025-12-22,336,2025,12,541.0,505.0,321.0,462.75,-2.4492935982947064e-16,1.0,1,1
4,Nexora Care - Hillcrest,2025-12-29,211,2025,12,336.0,541.0,484.0,466.5,-2.4492935982947064e-16,1.0,1,0
